site_id,site_label,site_type,latitude,longitude,modern_country_location,administering_country,former_entity,region_category,exposure_period,metal,source_1,source_2,source_3,source_4,source_5,source_6,source_7,source_8,source_9,source_10,notes
AQ-AR-001,Carlini Base,antarctic desertic zone,-62.2379343,-58.6670078,Antarctica,Argentina,,"Marine, Antarctic, Extreme cold","1 year, 2 years, 4 years, 8 years","Carbon steel, Zinc, Copper, Aluminium",s020,,,,,,,,,,Source label: Yubany/Jubany Base; current standard name is Carlini Base.
AQ-AU-001,Macquarie Island,Sub-Antarctic Islands,-54.49,159.01,Sub-Antarctic Islands,Australia,,"Marine, Island, Rural, Sub-Antarctic, Cold, Island marine, rural","1 month, 1-4 years, varies","Carbon steel, Mild steel, Steel St3, Copper, Aluminum alloys, Cadmium",s001,,,,,,,,,,Table 3: longitude not given; elevation=7.5 m; distance_from_sea<1 km; corrosion_rate=222 µm/year.
AQ-AU-002,Hurd Island,Sub-Antarctic Islands,-53.1,73.5,Sub-Antarctic Islands,Australia,,"Coastal, Island, Rural, Sub-Antarctic, Cold, Island marine, rural","1 month, 1-4 years, varies","Carbon steel, Mild steel, Steel St3, Copper, Aluminum alloys, Cadmium",s001,,,,,,,,,,Table 3: longitude not given; elevation<10 m; distance_from_sea<1 km; corrosion_rate=55.30 µm/year.
AQ-AU-003,Signy Island,Sub-Antarctic Islands,-60.717,-45.6,Sub-Antarctic Islands,Australia,,"Marine, Island, Rural, Sub-Antarctic, Antarctic, Extreme cold, Island marine, rural","1 month, 1-4 years, varies","Carbon steel, Mild steel, Steel St3, Copper, Aluminum alloys, Cadmium",s001,,,,,,,,,,Table 3: elevation<10 m; distance_from_sea<1 km; corrosion_rate=36.40 µm/year.
AQ-AU-004,Mawson station,Research station,-67.6,62.883,Antarctica,Australia,,"Marine, Antarctic, Extreme cold","1 month, 1-4 years, varies","Carbon steel, Mild steel, Steel St3, Copper, Aluminum alloys, Cadmium",s001,,,,,,,,,,Table 3: elevation<10 m; distance_from_sea<1 km; corrosion_rate=3.35 µm/year.
AQ-AU-005,Site LGB 00,Field site,-68.65,61.0,Antarctica,Australia,,"Inland, Rural, Antarctic, Extreme cold","1 month, 1-4 years, varies","Carbon steel, Mild steel, Steel St3, Copper, Aluminum alloys, Cadmium",s001,,,,,,,,,,Table 3 gives longitude as approximately ~61; elevation=1830 m; distance_from_sea=186 km; corrosion_rate=0.18 µm/year.
AQ-AU-006,Site LGB 10,Field site,-71.283,60.0,Antarctica,Australia,,"Inland, Rural, Antarctic, Extreme cold","1 month, 1-4 years, varies","Carbon steel, Mild steel, Steel St3, Copper, Aluminum alloys, Cadmium",s001,,,,,,,,,,Table 3 gives longitude as approximately ~60; elevation=2616 m; distance_from_sea=390 km; corrosion_rate=0.10 µm/year.
AQ-AU-007,Site LGB 35,Field site,-76.05,58.0,Antarctica,Australia,,"Inland, Rural, Antarctic, Extreme cold","1 month, 1-4 years, varies","Carbon steel, Mild steel, Steel St3, Copper, Aluminum alloys, Cadmium",s001,,,,,,,,,,Table 3 gives longitude as approximately ~58; elevation=2340 m; distance_from_sea=780 km; corrosion_rate=0.13 µm/year.
AQ-GB-001,Rothera Point,Point site,-67.567,-70.0,Antarctica,United Kingdom,,"Marine, Antarctic, Extreme cold","1 month, 1-4 years, varies","Carbon steel, Mild steel, Steel St3, Copper, Aluminum alloys, Cadmium",s001,,,,,,,,,,Table 3 gives longitude as approximately ~−70; elevation<10 m; distance_from_sea<1 km; corrosion_rate=27.10 µm/year.
AQ-NZ-001,Vanda station,Research station,-77.52,161.57,Antarctica,New Zealand,,"Inland, Antarctic, Extreme cold","1 month, 1-4 years, varies, 1 year, 2 years, 3 years","Carbon steel, Mild steel, Steel St3, Copper, Aluminum alloys, Cadmium",s001,s021,,,,,,,,,Table 3: elevation=130 m; distance_from_sea=44 km; corrosion_rate=0.87 µm/year.
AQ-NZ-002,Scott's Hut (cape Evans),Cape site,-77.63,166.4,Antarctica,New Zealand,,"Marine, Antarctic, Extreme cold","1 month, 1-4 years, varies, 1 year, 2 years, 3 years","Carbon steel, Mild steel, Steel St3, Copper, Aluminum alloys, Cadmium",s001,s021,,,,,,,,,"Table 3 reports three results at the same site: corrosion_rate=10.83, 10.20, and 4.42 µm/year; elevation=5 m; distance_from_sea=0.2 km."
AQ-RU-001,Mirnyi station,Research station,-66.55,93.02,Antarctica,Russia,USSR,"Marine, Antarctic, Extreme cold","1 month, 1-4 years, varies","Carbon steel, Mild steel, Steel St3, Copper, Aluminum alloys, Cadmium",s001,,,,,,,,,,"Table 3: elevation=39.9 m; distance_from_sea=0.25 km; steel corrosion_rate=7.7 µm/year. Table 5 adds one-year results: steel 7.8 µm/year, copper 1.1 µm/year, cadmium 0.3 µm/year, D16 alloy 0.8–1.77 µm/year."
AQ-RU-002,Vostok station,Research station,-78.45,106.85,Antarctica,Russia,USSR,"Inland, Antarctic, Extreme cold","1 month, 1-4 years, varies","Carbon steel, Mild steel, Steel St3, Copper, Aluminum alloys, Cadmium",s001,,,,,,,,,,Table 3: elevation=3488 m; distance_from_sea=1200 km; corrosion_rate=0.05 µm/year.
AQ-US-001,South Pole,Research station,-90.0,0.0,Antarctica,United States,,"Marine, Antarctic, Extreme cold","1 month, 1-4 years, varies","Carbon steel, Mild steel, Steel St3, Copper, Aluminum alloys, Cadmium",s001,,,,,,,,,,Table 3: longitude not given; elevation=2800 m; distance_from_sea=1300 km; corrosion_rate=0.03 µm/year. Text notes this was about 3.7 years of continuous exposure.
AQ-ZA-001,Marion Island,Sub-Antarctic Islands,-46.88,37.86,Sub-Antarctic Islands,South Africa,,"Marine, Island, Rural, Sub-Antarctic, Temperate, Island marine, rural","1 month, 1-4 years, varies","Carbon steel, Mild steel, Steel St3, Copper, Aluminum alloys, Cadmium",s001,,,,,,,,,,Table 3: longitude not given; elevation<10 m; distance_from_sea<1 km; corrosion_rate=31.90 µm/year.
AQ-ZA-002,Robertskollen (SANAE),Field site,-68.483,0.0,Antarctica,South Africa,,"Marine, Rural, Antarctic, Extreme cold","1 month, 1-4 years, varies","Carbon steel, Mild steel, Steel St3, Copper, Aluminum alloys, Cadmium",s001,,,,,,,,,,Table 3 gives longitude as approximately ~0; elevation=400 m; distance_from_sea=120 km; corrosion_rate=0.70 µm/year.
AR-001,Puerto Iguazu,"semiarid, wet, rural",-25.6107508,-54.5764199,Argentina,,,"Inland, Rural, Temperate","1 year, 2 years, 4 years, 8 years","Carbon steel, Zinc, Copper, Aluminium",s020,,,,,,,,,,Source label: Iguazu.
AR-002,Camet,"subtropical zone, marine, wet",-37.889829,-57.6041166,Argentina,,,"Coastal, Temperate","1 year, 2 years, 4 years, 8 years","Carbon steel, Zinc, Copper, Aluminium",s020,,,,,,,,,,
AR-003,Buenos Aires,"subtropical zone, marine, wet",-34.6095579,-58.3887904,Argentina,,,"Coastal, Temperate","1 year, 2 years, 4 years, 8 years","Carbon steel, Zinc, Copper, Aluminium",s020,,,,,,,,,,
AR-004,San Juan,"subtropical zone, dry, rural",-30.7054363,-69.1988222,Argentina,,,"Inland, Rural, Temperate","1 year, 2 years, 4 years, 8 years","Carbon steel, Zinc, Copper, Aluminium",s020,,,,,,,,,,
AT-001,Vienna,City,48.2082,16.3738,Austria,,,"Inland, Urban, Temperate","1 year, 4 years, 8 years","Carbon steel, Zinc, Weathering steel, Copper, Stainless Steel, Aluminium, Titanium",s015,s017,s018,s016,,,,,,,
AU-001,Mt Newman,,-23.357394,119.7331631,Australia,,,"Inland, Tropical","1 year, 2 years, 3 years","Carbon steel, Copper",s021,,,,,,,,,,
BE-001,Antwerp,City,51.2213,4.4051,Belgium,,,"Coastal, Urban, Cold, marine","1 year, 2 years, 4 years",Carbon steel,s013,,,,,,,,,,
BE-002,Ostend,"moderate zone, marine",51.2258565,2.919496,Belgium,,,"Coastal, Cold","1 year, 2 years, 4 years, 8 years","Carbon steel, Zinc, Copper, Aluminium",s020,,,,,,,,,,"Source table places this under France but labels the site Ostende, Belgium."
BG-001,Sofia,City,42.6977,23.3219,Bulgaria,,,"Inland, Urban, Temperate",1 year,"Carbon steel, Zinc, Copper",s014,s015,,,,,,,,,
CA-001,Dorset,Town,45.233,-78.883,Canada,,,"Inland, Urban, Temperate","1 year, 2 years, 4 years, 8 years, Annually","Carbon steel, Weathering steel, Zinc, Aluminium, Copper",s009,s010,s011,s012,s013,s014,,,,,
CA-002,Boucherville,"moderate zone, rural",45.6050197,-73.4526144,Canada,,,"Marine, Rural, Temperate","1 year, 2 years, 4 years, 8 years","Carbon steel, Zinc, Copper, Aluminium",s020,,,,,,,,,,
CA-003,Norman Wells,,65.282401,-126.832725,Canada,,,"Inland, Sub-arctic, Cold","1 year, 2 years, 3 years","Carbon steel, Copper",s021,,,,,,,,,,
CH-001,Chaumont,Locality,47.031,6.96,Switzerland,,,"Inland, Rural, Temperate","1 year, 2 years, 4 years, 8 years","Carbon steel, Zinc, Copper, Weathering steel, Stainless Steel, Aluminium, Titanium",s013,s017,s018,s014,s015,s016,,,,,test
CN-001,Site No. 1,Field site,36.398987,118.5055691,China,,,"Inland, Rural, Temperate, Industrial",1 year,Hot-dip galvanized steel,s022,,,,,,,,,,"Numbered exposure corrosion test site shown in Fig. 1; exact locality and coordinates are not provided in the source.
Discussed as one of the three C5 sites; source states it is closer to the coastline and has higher atmospheric chloride content. Exact locality and coordinates are not provided.
Discussed as one of the three C5 sites; source states an oil refinery near the site makes its atmospheric corrosivity higher than surrounding sites. Exact locality and coordinates are not provided.
Discussed as a site with very small interpolation error because surrounding sites were also C3 and corrosion rates were close. Exact locality and coordinates are not provided.
Discussed as one of the three C5 sites; source states it is located near a reservoir with high atmospheric relative humidity. Exact locality and coordinates are not provided."
CZ-001,Prague,City,50.11,14.45,Czech Republic,,Czechoslovakia,"Inland, Urban, Cold","1980-2026, 1997-2001 (1, 2, 4 years multipollutant), 2005-06 (1-year multipollutant), 2008-09 (1-year trend exposure), 2011-12 (1-year trend exposure), 1 year, 2 years, 4 years, 8 years, Annually","Carbon steel, zinc, copper, aluminium, limestone, modern glass, Weathering steel, Zinc, Aluminium, Copper, Stainless Steel, Titanium",s017,s018,s019,s009,s010,s011,s012,s013,s014,,
CZ-002,Kasperske Hory,Town,49.1429,13.5561,Czech Republic,,Czechoslovakia,"Inland, Urban, Temperate, Rural","1 year, 2 years, 4 years, 8 years, Annually","Carbon steel, Weathering steel, Zinc, Aluminium, Copper",s009,s020,s010,s011,s012,,,,,,Source label: Kaperské Hory.
CZ-003,Kopisty,Industrial Locality,50.533,13.616,Czech Republic,,Czechoslovakia,"Inland, Industrial, Cold","1 year, 2 years, 4 years, 8 years, Annually","Carbon steel, Weathering steel, Zinc, Aluminium, Copper, Stainless Steel, Titanium",s009,s017,s018,s020,s010,s011,s012,s013,s014,s015,
CZ-005,Prague-Bechovice,"moderate zone, urban",50.0828923,14.5936437,Czech Republic,,Czechoslovakia,"Inland, Urban, Cold","1 year, 2 years, 4 years, 8 years","Carbon steel, Zinc, Copper, Aluminium",s020,,,,,,,,,,Source label: Praha-Béchovice.
DE-001,Waldhof-Langenbrugge,Monitoring site,52.800867,10.75623,Germany,,,"Inland, Rural, Cold","1 year, 2 years, 4 years, 8 years, Annually","Carbon steel, Weathering steel, Zinc, Aluminium",s009,s010,s011,s012,s013,,,,,,
DE-002,Aschaffenburg,City,49.977,9.1521,Germany,,,"Inland, Urban, Temperate","1 year, 2 years, 4 years, 8 years, Annually","Carbon steel, Weathering steel, Zinc, Aluminium",s009,s010,s011,s012,,,,,,,
DE-003,Langenfeld-Reusrath,Rural,51.083864,6.921054,Germany,,,"Inland, Rural, Cold","1 year, 2 years, 4 years, 8 years, Annually","Carbon steel, Weathering steel, Zinc, Aluminium",s009,s010,s011,s012,s013,,,,,,
DE-004,Bottrop,City,51.5239,6.9285,Germany,,,"Inland, Industrial, Urban, Cold","1 year, 2 years, 4 years, 8 years, Annually","Carbon steel, Weathering steel, Zinc, Aluminium, Copper, Stainless Steel, Titanium",s009,s017,s018,s010,s011,s012,s013,s014,s015,,
DE-005,Essen,City,51.463,7.081,Germany,,,"Inland, Urban, Cold","1 year, 2 years, 4 years, 8 years, Annually","Carbon steel, Weathering steel, Zinc, Aluminium",s009,s010,s011,s012,,,,,,,
DE-006,Garmisch-Partenkirchen,Town,47.492,11.0955,Germany,,,"Inland, Urban, Temperate","1 year, 2 years, 4 years, 8 years, Annually","Carbon steel, Weathering steel, Zinc, Aluminium",s009,s010,s011,s012,,,,,,,
DE-007,Berlin,City,52.52,13.405,Germany,,,"Inland, Urban, Cold","1 year, 2 years, 4 years, 8 years","Carbon steel, Zinc, Copper, Weathering steel, Stainless Steel, Aluminium, Titanium",s013,s017,s018,s014,s015,s016,,,,,
DE-008,Bergisch Gladbach,"moderate zone, urban",50.9929303,7.1277379,Germany,,FRG,"Inland, Urban, Cold","1 year, 2 years, 4 years, 8 years","Carbon steel, Zinc, Copper, Aluminium",s020,,,,,,,,,,
DK-001,Struer,Weathering steel railway test mast,56.491,8.583,Denmark,,,"Coastal, Cold","1-7 years, Extended up to 28 years","Weathering steel, Stainless Steel",s031,,,,,,,,,,
DK-002,Korsør,Weathering steel railway test mast,55.329,11.139,Denmark,,,"Marine, Cold","1-7 years, Extended up to 28 years","Weathering steel, Stainless Steel",s031,,,,,,,,,,
DK-003,Nivå,Weathering steel railway test mast,55.933,12.506,Denmark,,,"Marine, Cold","1-7 years, Extended up to 28 years","Weathering steel, Stainless Steel",s031,,,,,,,,,,
DK-004,Østerport,Weathering steel railway test mast,55.692,12.587,Denmark,,,"Marine, Cold","1-7 years, Extended up to 28 years","Weathering steel, Stainless Steel",s031,,,,,,,,,,
DK-005,Copenhagen H,Weathering steel railway test mast,55.673,12.565,Denmark,,,"Marine, Cold","1-7 years, Extended up to 28 years","Weathering steel, Stainless Steel",s031,,,,,,,,,,
DK-006,Ringsted,Weathering steel railway test mast,55.438,11.79,Denmark,,,"Near-coastal, Cold","1-7 years, Extended up to 28 years","Weathering steel, Stainless Steel",s031,,,,,,,,,,
EE-001,Lahemaa,National Park,59.576,25.8,Estonia,,USSR,"Marine, Rural, Cold","1 year, 2 years, 4 years, 8 years, Annually","Carbon steel, Weathering steel, Zinc, Aluminium, Copper, Stainless Steel, Titanium",s009,s017,s018,s010,s011,s012,s013,s014,s015,,
ES-001,Madrid,City,40.4168,-3.7038,Spain,,,"Inland, Urban, Temperate","1 year, 2 years, 4 years, 8 years, Annually","Carbon steel, Weathering steel, Zinc, Aluminium, Copper, Stainless Steel, Titanium",s009,s017,s018,s020,s010,s011,s012,s013,s014,s015,
ES-002,Bilbao,City,43.263,-2.935,Spain,,,"Coastal, Urban, Temperate","1 year, 2 years, 4 years, 8 years, Annually","Carbon steel, Weathering steel, Zinc, Aluminium",s009,s010,s011,s012,,,,,,,
ES-003,Toledo,City,39.8628,-4.0273,Spain,,,"Inland, Urban, Temperate","1 year, 2 years, 4 years, 8 years, Annually","Carbon steel, Weathering steel, Zinc, Aluminium, Copper, Stainless Steel, Titanium",s009,s017,s018,s010,s011,s012,s013,s014,s015,,
ES-005,El Pardo,"moderate zone, urban",40.5205538,-3.7780738,Spain,,,"Inland, Urban, Temperate","1 year, 2 years, 4 years, 8 years","Carbon steel, Zinc, Copper, Aluminium",s020,,,,,,,,,,
ES-006,Vigo,"moderate zone, industrial",42.1986396,-8.727956,Spain,,,"Coastal, Industrial, Temperate","1 year, 2 years, 4 years, 8 years","Carbon steel, Zinc, Copper, Aluminium",s020,,,,,,,,,,Source label: Lagoas - Vigo.
ES-007,Barakaldo,"moderate zone, urban",43.2949177,-2.9887476,Spain,,,"Coastal, Urban, Temperate","1 year, 2 years, 4 years, 8 years","Carbon steel, Zinc, Copper, Aluminium",s020,,,,,,,,,,"Source label: Baracaldo, Vizcaya."
FI-001,Espoo,City,60.2055,24.6559,Finland,,,"Coastal, Urban, Sub-arctic, Cold","1 year, 2 years, 4 years, 8 years, Annually","Carbon steel, Weathering steel, Zinc, Aluminium",s009,s010,s011,s012,,,,,,,
FI-002,Ahtari,Town,62.554,24.0619,Finland,,,"Inland, Urban, Sub-arctic, Cold, Rural","1 year, 2 years, 4 years, 8 years, Annually","Carbon steel, Weathering steel, Zinc, Aluminium, Copper",s009,s020,s010,s011,s012,s013,,,,,Standard Finnish spelling is Ähtäri; ASCII label used for geocoding compatibility.
FI-003,Helsinki,City,60.1935,24.955,Finland,,,"Coastal, Industrial, Urban, Sub-arctic, Cold, industrial","1 year, 2 years, 4 years, 8 years, Annually","Carbon steel, Weathering steel, Zinc, Aluminium, Copper",s009,s020,s010,s011,s012,,,,,,
FI-005,Otaniemi,"moderate zone, small town",60.1879383,24.8318201,Finland,,,"Marine, Urban, Sub-arctic, Cold","1 year, 2 years, 4 years, 8 years","Carbon steel, Zinc, Copper, Aluminium",s020,,,,,,,,,,
FI-006,Hameenlinna,,60.9966192,24.465141,Finland,,,"Inland, Sub-arctic, Cold","1 year, 4 years, 8 years","Carbon steel, Stainless Steel, Weathering steel, Zinc, Aluminium, Titanium",s017,s018,,,,,,,,,
FR-001,Paris,City,48.8566,2.3522,France,,,"Inland, Urban, Temperate","1 year, 2 years, 4 years, 8 years","Carbon steel, Zinc, Copper, Weathering steel, Aluminium, Stainless Steel, Titanium",s013,s017,s018,s020,s014,s015,s016,,,,
FR-002,Saint-Denis,"moderate zone, urban - semi industrial",48.9383732,2.3627508,France,,,"Inland, Industrial, Urban, Temperate","1 year, 2 years, 4 years, 8 years","Carbon steel, Zinc, Copper, Aluminium",s020,,,,,,,,,,Source label: Saint Denis.
FR-003,Martigues,"moderate zone, marine",43.4057279,5.0548176,France,,,"Coastal, Temperate","1 year, 2 years, 4 years, 8 years","Carbon steel, Zinc, Copper, Aluminium",s020,,,,,,,,,,Source label: Ponteau Martigues.
FR-004,Picherande,"moderate zone, rural",45.4644404,2.7697663,France,,,"Inland, Rural, Temperate","1 year, 2 years, 4 years, 8 years","Carbon steel, Zinc, Copper, Aluminium",s020,,,,,,,,,,
FR-005,Saint-Remy-les-Landes,"moderate zone, marine",48.3126598,0.3866243,France,,,"Inland, Temperate","1 year, 2 years, 4 years, 8 years","Carbon steel, Zinc, Copper, Aluminium",s020,,,,,,,,,,"Source label: Saint Remy, les Landes."
FR-006,Salin-de-Giraud,"moderate zone, marine",43.4136059,4.7339545,France,,,"Coastal, Temperate","1 year, 2 years, 4 years, 8 years","Carbon steel, Zinc, Copper, Aluminium",s020,,,,,,,,,,Source label: Salins de Giraud.
FR-008,Auby,"moderate zone, heavy industrial",50.4136,3.06175,France,,,"Inland, Industrial, Cold","1 year, 2 years, 4 years, 8 years","Carbon steel, Zinc, Copper, Aluminium",s020,,,,,,,,,,
FR-009,Biarritz,"moderate zone, marine",43.4832523,-1.5592776,France,,,"Marine, Temperate","1 year, 2 years, 4 years, 8 years","Carbon steel, Zinc, Copper, Aluminium",s020,,,,,,,,,,
GB-001,Lincoln Cathedral,Cathedral,53.234,-0.5417,United Kingdom,,,"Near-coastal, Island, Urban, Cold","1 year, 2 years, 4 years, 8 years, Annually","Carbon steel, Weathering steel, Zinc, Aluminium, Copper",s009,s010,s011,s012,s013,s014,s015,,,,
GB-002,Wells Cathedral,Cathedral,51.2107,-2.6475,United Kingdom,,,"Near-coastal, Island, Urban, Cold","1 year, 2 years, 4 years, 8 years, Annually","Carbon steel, Weathering steel, Zinc, Aluminium",s009,s010,s011,s012,,,,,,,
GB-003,Clatteringshaws Loch,Locality,55.066,-4.284,United Kingdom,,,"Near-coastal, Island, Rural, Cold","1 year, 2 years, 4 years, 8 years, Annually","Carbon steel, Weathering steel, Zinc, Aluminium",s009,s010,s011,s012,,,,,,,
GB-004,Stoke Orchard,Village,51.947,-2.108,United Kingdom,,,"Near-coastal, Island, Rural, Cold","1 year, 2 years, 4 years, 8 years, Annually","Carbon steel, Weathering steel, Zinc, Aluminium",s009,s010,s011,s012,,,,,,,
GB-005,London,City,51.5072,-0.1276,United Kingdom,,,"Near-coastal, Island, Urban, Cold","1 year, 2 years, 4 years",Carbon steel,s013,,,,,,,,,,
GB-006,"Stratford, East London","moderate zone, industrial",51.541289,-0.0035472,United Kingdom,,,"Near-coastal, Island, Industrial, Cold","1 year, 2 years, 4 years, 8 years","Carbon steel, Zinc, Copper, Aluminium",s020,,,,,,,,,,
GB-007,Crowthorne,"moderate zone, rural",51.3708551,-0.7950262,United Kingdom,,,"Inland, Island, Rural, Cold","1 year, 2 years, 4 years, 8 years","Carbon steel, Zinc, Copper, Aluminium",s020,,,,,,,,,,"Source label: Crowthorne, Berkshire."
GB-008,Rye,"moderate zone, marine",50.9511871,0.7327667,United Kingdom,,,"Coastal, Island, Cold","1 year, 2 years, 4 years, 8 years","Carbon steel, Zinc, Copper, Aluminium",s020,,,,,,,,,,"Source label: Rye, East Sussex."
GB-009,"Fleet, Hampshire","moderate zone, urban",51.2828601,-0.8316334,United Kingdom,,,"Near-coastal, Island, Urban, Cold","1 year, 2 years, 4 years, 8 years","Carbon steel, Zinc, Copper, Aluminium",s020,,,,,,,,,,Source label: Fleet Hall.
GB-010,Godalming,Atmospheric exposure site,51.1858,-0.6149,United Kingdom,,,"Near-coastal, Island, Cold","1 year, 8 years","Carbon steel, Mild steel, Cast Iron",s029,,,,,,,,,,s027 Appendix A reports Godalming as rural/suburban with corrosion rate 0.048 mm/yr (1.890 mils/yr). Coordinates are approximate town-centre coordinates for mapping.
GB-011,Llanwrtyd Wells,Atmospheric exposure site,52.1061,-3.638,United Kingdom,,,"Inland, Island, Cold","1 year, 8 years, 10 years","Carbon steel, Mild steel, Cast Iron, Open-hearth Iron",s029,s030,,,,,,,,,s027 Appendix A reports 1-year row: corrosion loss 0.200 mm (7.874 mils) and corrosion rate 0.069 mm/yr (2.717 mils/yr). s028 Table 4-1 reports open-hearth iron annual weight loss 5.23 g and relative corrosivity 35; Figure 4-1/text use Llanwrtyd Wells as the rural reference in a mild-steel dustfall/rusting comparison.
GB-012,Teddington,Atmospheric exposure site,51.427,-0.332,United Kingdom,,,"Inland, Island, Cold","1 year, 8 years","Carbon steel, Mild steel, Cast Iron",s029,,,,,,,,,,s027 Appendix A reports Teddington with 1-year corrosion rate 0.070 mm/yr (2.756 mils/yr). Coordinates are approximate town-centre coordinates for mapping.
GB-013,Brixham,Atmospheric exposure site,50.394,-3.515,United Kingdom,,,"Coastal, Island, Cold","1 year, 8 years","Carbon steel, Mild steel, Cast Iron",s029,,,,,,,,,,s027 Appendix A reports Brixham as marine with 1-year corrosion rate 0.053 mm/yr (2.087 mils/yr). Coordinates are approximate town/harbour coordinates for mapping.
GB-014,Calshot,Atmospheric exposure site,50.8196,-1.3068,United Kingdom,,,"Marine, Island, Cold","1 year, 8 years, 10 years","Carbon steel, Mild steel, Cast Iron, Open-hearth Iron",s029,s030,,,,,,,,,"s027 Appendix A reports Calshot with corrosion rate 0.079 mm/yr (3.110 mils/yr). s028 Table 4-1 reports Calshot, British Isles as marine, with open-hearth iron annual weight loss 6.10 g and relative corrosivity 41; Figure 4-1 includes Calshot in the mild-steel rusting-versus-dustfall comparison."
GB-015,Motherwell,Atmospheric exposure site,55.789,-3.9919,United Kingdom,,,"Near-coastal, Island, Cold","1 year, 8 years, 10 years","Carbon steel, Mild steel, Cast Iron, Open-hearth Iron",s029,s030,,,,,,,,,s027 Appendix A reports Motherwell as industrial with 1-year corrosion rate 0.095 mm/yr (3.740 mils/yr). s028 Table 4-1 reports open-hearth iron annual weight loss 8.17 g and relative corrosivity 55.
GB-016,Woolwich,Atmospheric exposure site,51.4892,0.0648,United Kingdom,,,"Near-coastal, Island, Cold","1 year, 8 years, 10 years","Carbon steel, Mild steel, Cast Iron, Open-hearth Iron",s029,s030,,,,,,,,,s027 Appendix A reports Woolwich with 1-year corrosion rate 0.102 mm/yr (4.016 mils/yr). s028 Table 4-1 reports open-hearth iron annual weight loss 8.91 g and relative corrosivity 60; Figure 4-1 includes Woolwich in the mild-steel dustfall/rusting comparison.
GB-017,Sheffield,Atmospheric exposure site,53.3811,-1.4701,United Kingdom,,,"Inland, Island, Cold","1 year, 8 years, 10 years","Carbon steel, Mild steel, Cast Iron, Open-hearth Iron",s029,s030,,,,,,,,,"s027 Appendix A reports Sheffield 1-year industrial row with corrosion loss 0.750 mm (29.528 mils) and corrosion rate 0.135 mm/yr (5.315 mils/yr); it also reports 10-year outdoor Sheffield loss 0.400 mm for the mild-steel table section and 10-year outdoor low-alloy-steel loss 0.175 mm. s028 Table 4-1 reports Sheffield Univ., British Isles as industrial, with open-hearth iron annual weight loss 11.58 g and relative corrosivity 78; Figure 4-1/text describe Sheffield as the heavily industrial endpoint, about four times the rural rusting rate."
GB-018,Frodingham,Atmospheric exposure site,53.59,-0.65,United Kingdom,,,"Near-coastal, Island, Cold","1 year, 8 years, 10 years","Carbon steel, Mild steel, Cast Iron, Open-hearth Iron",s029,s030,,,,,,,,,s027 Appendix A reports Frodingham with 1-year corrosion rate 0.160 mm/yr (6.299 mils/yr). s028 Table 4-1 reports open-hearth iron annual weight loss 14.81 g and relative corrosivity 100; this is the maximum relative corrosivity in Table 4-1.
GB-019,Derby,Atmospheric exposure site,52.9225,-1.4746,United Kingdom,,,"Inland, Island, Cold","1 year, 8 years, 10 years","Carbon steel, Mild steel, Cast Iron, Open-hearth Iron",s029,s030,,,,,,,,,"s027 Appendix A reports Derby with 1-year corrosion rate 0.170 mm/yr (6.693 mils/yr). s028 Table 4-1 separates Derby South End and Derby North End: annual open-hearth iron weight losses 12.06 g and 12.52 g, with relative corrosivities 81 and 84, respectively. Coordinates are approximate city-centre coordinates; subsite coordinates were not provided in the source pages."
GB-020,Rotherham,Atmospheric exposure site,53.4326,-1.3635,United Kingdom,,,"Inland, Island, Cold","1 year, 8 years","Carbon steel, Mild steel, Cast Iron",s029,,,,,,,,,,"s027 Appendix A low-alloy-steel section reports Rotherham, 8 years, corrosion loss 0.210 mm (8.268 mils); no corrosion-rate field is reported in that row. Coordinates are approximate town-centre coordinates for mapping."
GE-001,Batumi,City,41.6635,41.7977,Georgia,,USSR,"Coastal, Urban, Temperate, urban, Marine","6 months, 1 year, 2 years, 3 years, 4 years, 8 years","Aluminium, Electrical steel, Carbon steel, Iron, Zinc, Copper",s007,s020,,,,,,,,,Strekalov et al. (1990) primary field-test source for electric-motor constructional materials; row is distinct from other papers even where the station/city repeats. Black Sea station; open atmosphere.
GR-001,Athens,City,37.9838,23.7275,Greece,,,"Coastal, Urban, Temperate","1 year, 4 years, 8 years","Carbon steel, Zinc, Copper, Weathering steel, Stainless Steel, Aluminium, Titanium",s014,s017,s018,s015,s016,,,,,,
HR-001,Split,,43.5116383,16.4399659,Croatia,,,"Marine, Temperate","1 year, 4 years, 8 years","Carbon steel, Stainless Steel, Weathering steel, Zinc, Aluminium, Titanium",s017,s018,,,,,,,,,
HR-002,Zagreb,,45.8130967,15.9772795,Croatia,,,"Inland, Temperate","1 year, 4 years, 8 years","Carbon steel, Stainless Steel, Weathering steel, Zinc, Aluminium, Titanium",s017,s018,,,,,,,,,
IL-001,Tel Aviv,City,32.0853,34.7818,Israel,,,"Coastal, Urban, Temperate","1 year, 2 years, 4 years",Carbon steel,s013,,,,,,,,,,
IN-001,Aligarh,rural,27.8761073,78.1358153,India,,,"Inland, Rural, Temperate",1 year,"Mild steel, Zinc, Aluminium, Galvanized steel",s028,,,,,,,,,,
IN-002,Bhopal,rural,23.2584857,77.401989,India,,,"Inland, Rural, Tropical",1 year,"Mild steel, Zinc, Aluminium, Galvanized steel",s028,,,,,,,,,,
IN-003,Bhubaneswar,rural,20.2602964,85.8394521,India,,,"Near-coastal, Rural, Tropical",1 year,"Mild steel, Zinc, Aluminium, Galvanized steel",s028,,,,,,,,,,
IN-004,Chandigarh,rural,30.7334421,76.7797143,India,,,"Inland, Rural, Temperate",1 year,"Mild steel, Zinc, Aluminium, Galvanized steel",s028,,,,,,,,,,
IN-005,Dindigul,rural,10.4256896,77.815664,India,,,"Inland, Rural, Tropical",1 year,"Mild steel, Zinc, Aluminium, Galvanized steel",s028,,,,,,,,,,
IN-006,Jorhat,rural,26.7577925,94.2079645,India,,,"Inland, Rural, Temperate",1 year,"Mild steel, Zinc, Aluminium, Galvanized steel",s028,,,,,,,,,,
IN-007,Karaikudi,rural,10.0728444,78.7795194,India,,,"Near-coastal, Rural, Tropical",1 year,"Mild steel, Zinc, Aluminium, Galvanized steel",s028,,,,,,,,,,
IN-008,Mahendragiri,rural,18.966336,84.3648449,India,,,"Near-coastal, Rural, Tropical",1 year,"Mild steel, Zinc, Aluminium, Galvanized steel",s028,,,,,,,,,,
IN-009,Warangal,rural,17.9820644,79.5970954,India,,,"Inland, Rural, Tropical",1 year,"Mild steel, Zinc, Aluminium, Galvanized steel",s028,,,,,,,,,,
IN-010,Salem,rural,11.6469616,78.2106958,India,,,"Inland, Rural, Tropical",1 year,"Mild steel, Zinc, Aluminium, Galvanized steel",s028,,,,,,,,,,
IN-011,Coimbatore,industrial,11.0018115,76.9628425,India,,,"Inland, Industrial, Tropical",1 year,"Mild steel, Zinc, Aluminium, Galvanized steel",s028,,,,,,,,,,
IN-012,"CECRI Unit, Kochi",industrial,9.9831486,76.367344,India,,,"Coastal, Tropical",1 year,"Mild steel, Zinc, Aluminium, Galvanized steel",s028,,,,,,,,,,
IN-013,Manali,industrial,32.2454608,77.1872926,India,,,"Inland, Industrial, Temperate",1 year,"Mild steel, Zinc, Aluminium, Galvanized steel",s028,,,,,,,,,,
IN-014,Mettupalayam,industrial,11.3059363,76.9356545,India,,,"Inland, Industrial, Tropical",1 year,"Mild steel, Zinc, Aluminium, Galvanized steel",s028,,,,,,,,,,
IN-015,Mumbai,industrial,19.054999,72.8692035,India,,,"Coastal, Industrial, Tropical",1 year,"Mild steel, Zinc, Aluminium, Galvanized steel",s028,,,,,,,,,,
IN-016,Tirupur,industrial,11.1671878,77.3472673,India,,,"Inland, Industrial, Tropical",1 year,"Mild steel, Zinc, Aluminium, Galvanized steel",s028,,,,,,,,,,
IN-017,Visakhapatnam,industrial,17.6935526,83.2921297,India,,,"Marine, Industrial, Tropical",1 year,"Mild steel, Zinc, Aluminium, Galvanized steel",s028,,,,,,,,,,
IN-018,Kolkata,industrial,22.5726459,88.3638953,India,,,"Near-coastal, Industrial, Tropical",1 year,"Mild steel, Zinc, Aluminium, Galvanized steel",s028,,,,,,,,,,
IN-019,Naval Base Chennai,marine,9.8460355,77.3799008,India,,,"Inland, Tropical",1 year,"Mild steel, Zinc, Aluminium, Galvanized steel",s028,,,,,,,,,,Table note: station was about 150 m from the Bay of Bengal coast and near Chennai port.
IN-020,Cuddalore,marine,11.5202071,79.3396356,India,,,"Near-coastal, Tropical",1 year,"Mild steel, Zinc, Aluminium, Galvanized steel",s028,,,,,,,,,,
IN-021,Kakinada,marine,16.9437385,82.2350607,India,,,"Coastal, Tropical",1 year,"Mild steel, Zinc, Aluminium, Galvanized steel",s028,,,,,,,,,,
IN-022,Kanyakumari,marine,8.079252,77.5499338,India,,,"Marine, Tropical",1 year,"Mild steel, Zinc, Aluminium, Galvanized steel",s028,,,,,,,,,,
IN-023,Kayamkulam,marine,9.1723603,76.500061,India,,,"Coastal, Tropical",1 year,"Mild steel, Zinc, Aluminium, Galvanized steel",s028,,,,,,,,,,Source spelling appears as Kayankulam/Kayamkulam; standard English place name used.
IN-024,Naval Base Kochi,marine,9.9446087,76.283849,India,,,"Marine, Tropical",1 year,"Mild steel, Zinc, Aluminium, Galvanized steel",s028,,,,,,,,,,Table 3 labels this exposure station as Kochi; Table 1 identifies it as Naval Base Kochi.
IN-025,Mandapam Camp,marine,9.275872,79.1376983,India,,,"Coastal, Tropical",1 year,"Mild steel, Zinc, Aluminium, Galvanized steel",s028,,,,,,,,,,
IN-026,Mangalore,marine,12.8698101,74.8430082,India,,,"Coastal, Tropical",1 year,"Mild steel, Zinc, Aluminium, Galvanized steel",s028,,,,,,,,,,
IN-027,Mormugao Port,marine,15.4069843,73.802478,India,,,"Marine, Tropical",1 year,"Mild steel, Zinc, Aluminium, Galvanized steel",s028,,,,,,,,,,Table note: station was within the port area; source spelling appears as Mormugao/Morumogao.
IN-028,NIO Goa,marine,15.4596017,73.8074846,India,,,"Marine, Tropical",1 year,"Mild steel, Zinc, Aluminium, Galvanized steel",s028,,,,,,,,,,
IN-029,Nagapattinam,marine,10.6026203,79.7619348,India,,,"Coastal, Tropical",1 year,"Mild steel, Zinc, Aluminium, Galvanized steel",s028,,,,,,,,,,
IN-030,Padubidri,marine,13.1969885,74.7680651,India,,,"Coastal, Tropical",1 year,"Mild steel, Zinc, Aluminium, Galvanized steel",s028,,,,,,,,,,
IN-031,Pondicherry,marine,10.9156489,79.8069488,India,,,"Coastal, Tropical",1 year,"Mild steel, Zinc, Aluminium, Galvanized steel",s028,,,,,,,,,,
IN-032,Port Blair,marine,11.6645348,92.7390448,India,,,"Marine, Tropical",1 year,"Mild steel, Zinc, Aluminium, Galvanized steel",s028,,,,,,,,,,
IN-033,Sriharikota,marine,13.6280508,80.2256425,India,,,"Coastal, Tropical",1 year,"Mild steel, Zinc, Aluminium, Galvanized steel",s028,,,,,,,,,,
IN-034,Tuticorin,marine,8.8052602,78.1452745,India,,,"Coastal, Tropical",1 year,"Mild steel, Zinc, Aluminium, Galvanized steel",s028,,,,,,,,,,
IN-035,Bhavnagar,urban,21.7718836,72.1416449,India,,,"Coastal, Urban, Tropical",1 year,"Mild steel, Zinc, Aluminium, Galvanized steel",s028,,,,,,,,,,
IN-036,Hyderabad,urban,17.360589,78.4740613,India,,,"Inland, Urban, Tropical",1 year,"Mild steel, Zinc, Aluminium, Galvanized steel",s028,,,,,,,,,,
IN-037,Lucknow,urban,26.8381,80.9346001,India,,,"Inland, Urban, Temperate",1 year,"Mild steel, Zinc, Aluminium, Galvanized steel",s028,,,,,,,,,,
IN-038,New Delhi,urban,28.6138954,77.2090057,India,,,"Inland, Urban, Temperate",1 year,"Mild steel, Zinc, Aluminium, Galvanized steel",s028,,,,,,,,,,
IN-039,Pune,urban,18.5213738,73.8545071,India,,,"Inland, Urban, Tropical",1 year,"Mild steel, Zinc, Aluminium, Galvanized steel",s028,,,,,,,,,,
IN-040,Surat,urban,21.2094892,72.8317058,India,,,"Coastal, Urban, Tropical",1 year,"Mild steel, Zinc, Aluminium, Galvanized steel",s028,,,,,,,,,,
IT-001,Rome,City,41.9028,12.4964,Italy,,,"Near-coastal, Urban, Temperate","1 year, 2 years, 4 years, 8 years, Annually","Carbon steel, Weathering steel, Zinc, Aluminium, Copper, Stainless Steel, Titanium",s009,s017,s018,s010,s011,s012,s013,s014,s015,,
IT-002,Casaccia,Research centre,42.05,12.3,Italy,,,"Near-coastal, Rural, Temperate","1 year, 2 years, 4 years, 8 years, Annually","Carbon steel, Weathering steel, Zinc, Aluminium, Copper, Stainless Steel, Titanium",s009,s017,s018,s010,s011,s012,s013,s014,s015,,
IT-003,Milan,City,45.4642,9.19,Italy,,,"Inland, Urban, Temperate","1 year, 2 years, 4 years, 8 years, Annually","Carbon steel, Weathering steel, Zinc, Aluminium, Copper, Stainless Steel, Titanium",s009,s017,s018,s010,s011,s012,s013,s014,s015,,
IT-004,Venice,City,45.4408,12.3155,Italy,,,"Marine, Urban, Temperate","1 year, 2 years, 4 years, 8 years, Annually","Carbon steel, Weathering steel, Zinc, Aluminium, Copper, Stainless Steel, Titanium",s009,s017,s018,s010,s011,s012,s013,s014,s015,,
JP-001,Choshi,"moderate zone, rural",35.7345338,140.8272667,Japan,,,"Coastal, Island, Rural, Temperate","1 year, 2 years, 4 years, 8 years","Carbon steel, Zinc, Copper, Aluminium",s020,,,,,,,,,,Standard Japanese romanisation is Choshi/Chōshi.
JP-002,Tokyo,"moderate zone, urban",35.6768601,139.7638947,Japan,,,"Coastal, Island, Urban, Temperate","1 year, 2 years, 4 years, 8 years","Carbon steel, Zinc, Copper, Aluminium",s020,,,,,,,,,,
JP-003,Okinawa,"subtropics, marine",26.5707754,128.0255901,Japan,,,"Coastal, Island, Temperate","1 year, 2 years, 4 years, 8 years","Carbon steel, Zinc, Copper, Aluminium",s020,,,,,,,,,,
KE-001,Diani,severe marine,-4.3124919,39.5793598,Kenya,,,"Marine, Tropical",,,s027,,,,,,,,,,Severe marine environment; about 100 m from the Indian Ocean.
KE-002,Mariakani,urban marine / industrial marine,-3.865835,39.47377,Kenya,,,"Near-coastal, Industrial, Urban, Tropical",,,s027,,,,,,,,,,Urban/marine-industrial environment; about 40 km from the Indian Ocean; high SO₂ noted along Nairobi-Mombasa highwa
LV-001,Riga,City,56.9496,24.1052,Latvia,,,"Near-coastal, Urban, Cold",1 year,"Carbon steel, Zinc, Copper, Weathering steel",s014,s015,s016,,,,,,,,
MU-001,Rédui,rural; near industrial zones and towns,15.9884651,-61.6338308,Mauritius,,,"Coastal, Island, Industrial, Rural, Tropical",,,s024,,,,,,,,,,Source site name: Reduit. About 9 km from nearest coast; low carbon steel exposed outdoors.
MU-002,Belle Mare,marine,-20.1983407,57.774734,Mauritius,,,"Marine, Island, Tropical",,,s024,,,,,,,,,,Purely marine site; about 50 m from shoreline.
MU-003,Port Louis,marine and industrial,-20.1624522,57.5028044,Mauritius,,,"Coastal, Island, Industrial, Tropical",,,s024,,,,,,,,,,Capital/harbour area; site at shoreline and in industrial zone.
MU-004,St Julien d'Hotman,rural inland,-20.2336267,57.6358327,Mauritius,,,"Near-coastal, Island, Rural, Tropical",,,s024,,,,,,,,,,Rural site about 16 km inland; high time of wetness noted.
MU-005,"Fort George, Port Louis",marine-heavy industrial,-20.1454408,57.4931181,Mauritius,,,"Marine, Island, Industrial, Tropical",,,s025,,,,,,,,,,Site code FG; about 350 m inland from coast and about 50 m downwind of heavy-oil power plant chimney.
MU-006,"Rajiv Gandhi Science Centre, Port Louis",marine / industrial outskirts,-20.1733798,57.4844505,Mauritius,,,"Coastal, Island, Industrial, Tropical",,,s025,,,,,,,,,,Site code RG; about 896 m from coast; close to an industrial zone.
MU-007,"Mauritius Civil Service Mutual Aid Association, Port Louis",marine-urban,-20.163267,57.49860434,Mauritius,,,"Coastal, Island, Tropical",,,s025,,,,,,,,,,Site code MA; city-centre location about 203 m from coastline.
MU-008,Medine Camp de Masque,rural inland control,-20.2446961,57.6485127,Mauritius,,,"Near-coastal, Island, Rural, Tropical",,,s025,,,,,,,,,,Site code MC; control atmosphere; about 17 km from east coast and about 283 m elevation.
NG-001,"Abalamabie Road, Bonny Island",coastal town / industrial-influenced,4.4303132,7.2007614,Nigeria,,,"Coastal, Tropical",,,s026,,,,,,,,,,"Source table site: Ablamabie, Bonny Island; approx. 5900 m from industrial area and 4900 m from shoreline."
NG-002,"Finima, Bonny Island",coastal industrial,4.39685462,7.15982126,Nigeria,,,"Coastal, Tropical",,,s026,,,,,,,,,,Approx. 3500 m from industrial area and 1700 m from shoreline.
NG-003,"Mission Road, Bonny Island",coastal urban,4.4459694,7.1684538,Nigeria,,,"Marine, Tropical",,,s026,,,,,,,,,,Approx. 4800 m from industrial area and 500 m from shoreline.
NL-001,Vlaardingen,Port city,51.9125,4.3417,Netherlands,,,"Near-coastal, Industrial, Urban, Cold, industrial","1 year, 2 years, 4 years, 8 years, Annually","Carbon steel, Weathering steel, Zinc, Aluminium",s009,s010,s011,s012,,,,,,,
NL-002,Eibergen,Town,52.1,6.6612,Netherlands,,,"Inland, Urban, Cold","1 year, 2 years, 4 years, 8 years, Annually","Carbon steel, Weathering steel, Zinc, Aluminium",s009,s010,s011,s012,,,,,,,
NL-003,Vredepeel,Village,51.5383,5.8679,Netherlands,,,"Inland, Rural, Cold","1 year, 2 years, 4 years, 8 years, Annually","Carbon steel, Weathering steel, Zinc, Aluminium",s009,s010,s011,s012,,,,,,,
NL-004,Wijnandsrade,Village,50.9054,5.8836,Netherlands,,,"Inland, Rural, Cold","1 year, 2 years, 4 years, 8 years, Annually","Carbon steel, Weathering steel, Zinc, Aluminium",s009,s010,s011,s012,,,,,,,
NO-001,Sandnes,Sub-arctic test site,67.13,16.07,Norway,,,"Near-coastal, Industrial, Sub-arctic, Extreme cold, industrial","1 month, 3 months, 1 year, 2 years","Carbon steel, Zinc, Copper, Aluminium, Galvanized steel, Coated steel",s004,,,,,,,,,,"Table 7: one-year intervals 01.1984–01.1985, 01.1985–01.1986, 03.1986–03.1987, 03.1987–03.1988; steel=592,449,549,67 g/m²/year; zinc=60,46,50,3; copper=9.0,10.4,7.3,5.5."
NO-002,Furulund,Sub-arctic test site,68.76,17.16,Norway,,,"Marine, Industrial, Sub-arctic, Extreme cold, industrial","1 month, 3 months, 1 year, 2 years","Carbon steel, Zinc, Copper, Aluminium, Galvanized steel, Coated steel",s004,,,,,,,,,,"Table 7: steel=493,431,511,60 g/m²/year; zinc=60,50,43,3; copper=6.8,9.4,6.5,5.8."
NO-003,Lomi,Sub-arctic test site,67.13,16.09,Norway,,,"Near-coastal, Industrial, Sub-arctic, Extreme cold, industrial","1 month, 3 months, 1 year, 2 years","Carbon steel, Zinc, Copper, Aluminium, Galvanized steel, Coated steel",s004,,,,,,,,,,Table 7: steel=488 and 66 g/m²/year; zinc=33 and 4; copper=5.8 and 5.5. No coordinates given in the review.
NO-004,Viksjøfjell,Locality,69.65,30.95,Norway,,,"Near-coastal, Industrial, Extreme cold, industrial","1-2 years, 1 month, 3 months, 1 year","Carbon steel, Zinc, Copper, Galvanized steel, Aluminium, Coated steel",s003,s005,s006,,,,,,,,"Table 9: 1990–1991 steel=308 g/m²/year, zinc=24. Table 10: July 1992–July 1993 steel=347, zinc=18.0; July 1992–July 1994 steel=539, zinc=26.8. Coordinates not given in tables."
NO-005,Karpdalen,Locality,69.65,30.54,Norway,,,"Coastal, Industrial, Extreme cold, industrial","1-2 years, 1 month, 3 months, 1 year","Carbon steel, Zinc, Copper, Galvanized steel, Aluminium, Coated steel",s003,s005,s006,,,,,,,,"Table 9: 1990–1991 steel=180 g/m²/year, zinc=12. Coordinates not given in tables."
NO-006,Svanvik,Village,69.52,30.05,Norway,,,"Near-coastal, Industrial, Rural, Extreme cold, industrial","1-2 years, 1 month, 3 months, 1 year, 2 years, 4 years, 8 years","Carbon steel, Zinc, Copper, Galvanized steel, Aluminium, Coated steel, Weathering steel, Stainless Steel, Titanium",s003,s017,s018,s020,s005,s006,s013,s014,s015,s016,"Table 9: 1990–1991 steel=108 g/m²/year, zinc=9.6. Table 10: July 1992–July 1993 steel=145, zinc=7.1; July 1992–July 1994 steel=206, zinc=9.5. Coordinates not given in tables.
Source label appears as Svanwik."
NO-007,Noatun,Locality,69.19,30.03,Norway,,,"Inland, Industrial, Extreme cold, industrial","1-2 years, 1 month, 3 months, 1 year","Carbon steel, Zinc, Copper, Galvanized steel, Aluminium, Coated steel",s003,s005,s006,,,,,,,,"Table 9: 1990–1991 steel=78 g/m²/year, zinc=5.4. Coordinates not given in tables."
NO-008,Kobbfoss,Waterfall locality,69.38,29.95,Norway,,,"Near-coastal, Extreme cold","1 month, 1 year, 3 months","Carbon steel, Galvanized steel, Zinc, Aluminium, Coated steel",s006,,,,,,,,,,
NO-009,Oslo,City,59.92,10.69,Norway,,,"Marine, Urban, Cold, urban, Coastal","1980-2026, 1997-2001 (1, 2, 4 years multipollutant), 2005-06 (1-year multipollutant), 2008-09 (1-year trend exposure), 2011-12 (1-year trend exposure), 1 year, 2 years, 4 years, 8 years, Annually","Carbon steel, zinc, copper, aluminium, limestone, modern glass, Weathering steel, Zinc, Aluminium, Copper, Stainless Steel, Titanium",s017,s018,s019,s020,s009,s010,s011,s012,s013,s014,
NO-010,Borregaard (Sarpsborg),Industrial site,59.2765,11.1305,Norway,,,"Coastal, Industrial, Cold","1 year, 2 years, 4 years, 8 years, Annually","Carbon steel, Weathering steel, Zinc, Aluminium",s009,s010,s011,s012,,,,,,,
NO-011,Birkenes,Rural monitoring site,58.383333,8.25,Norway,,,"Near-coastal, Rural, Cold","1 year, 2 years, 4 years, 8 years, Annually","Carbon steel, Weathering steel, Zinc, Aluminium, Copper, Stainless Steel, Titanium",s009,s017,s018,s020,s010,s011,s012,s013,s014,s015,
NO-013,Borregaard,"moderate zone, industrial",59.2722278,11.1162879,Norway,,,"Coastal, Industrial, Cold","1 year, 2 years, 4 years, 8 years","Carbon steel, Zinc, Copper, Aluminium",s020,,,,,,,,,,
NO-015,Tananger,"moderate zone, marine splash",58.9359135,5.5864225,Norway,,,"Marine, Cold","1 year, 2 years, 4 years, 8 years","Carbon steel, Zinc, Copper, Aluminium",s020,,,,,,,,,,Source label appears as Tannanger.
NO-016,Bergen,"moderate zone, marine - urban",60.3943055,5.3259192,Norway,,,"Coastal, Urban, Sub-arctic, Cold","1 year, 2 years, 4 years, 8 years","Carbon steel, Zinc, Copper, Aluminium",s020,,,,,,,,,,
NZ-001,Judgeford,"moderate zone, marine - rural",-41.1166793,174.9513694,New Zealand,,,"Coastal, Island, Rural, Temperate","1 year, 2 years, 4 years, 8 years","Carbon steel, Zinc, Copper, Aluminium",s020,,,,,,,,,,"Source label: Judgeford, Wellington."
PA-001,Fort Sherman,"tropical zone, marine - splash",9.3649243,-79.9524657,Panama,,USA,"Marine, Tropical","1 year, 2 years, 4 years, 8 years","Carbon steel, Zinc, Copper, Aluminium",s020,,,,,,,,,,Source label: Panama Fort Sherman Costal Site; historically associated with the U.S.-administered Panama Canal Zone.
PL-001,Katowice,City,50.2649,19.0238,Poland,,,"Inland, Industrial, Urban, Cold","1 year, 4 years, 8 years","Carbon steel, Zinc, Copper, Weathering steel, Stainless Steel, Aluminium, Titanium",s014,s017,s018,s015,s016,,,,,,
PT-001,Lisbon,City,38.6979,-9.2063,Portugal,,,"Marine, Urban, Temperate","1 year, 2 years, 4 years, 8 years, Annually","Carbon steel, Weathering steel, Zinc, Aluminium",s009,s010,s011,s012,s013,,,,,,
RU-001,"C1 (Nikel SW, 25 km)",Test site,69.3,29.697,Russia,,USSR,"Near-coastal, Industrial, Extreme cold, industrial","1-2 years, 1 month, 3 months, 1 year","Carbon steel, Zinc, Copper, Galvanized steel, Aluminium, Coated steel",s003,s005,s006,,,,,,,,"Table 9 note defines C1 as Nikel (SW, 25 km). 1990–1991 steel=93 g/m²/year, zinc=6.4. Table 10: July 1992–July 1993 steel=163, zinc=8.3; July 1992–July 1994 steel=220, zinc=11.2."
RU-002,"C2 (Nikel NE, 15 km)",Test site,69.51,30.56,Russia,,USSR,"Near-coastal, Industrial, Extreme cold, industrial","1-2 years, 1 month, 3 months, 1 year","Carbon steel, Zinc, Copper, Galvanized steel, Aluminium, Coated steel",s003,s005,s006,,,,,,,,"Table 9 note defines C2 as Nikel (NE, 15 km). 1990–1991 steel=261 g/m²/year, zinc=19. Table 10: July 1992–July 1993 steel=306, zinc=21.3; July 1992–July 1994 steel=466, zinc=33.4."
RU-003,C3 (Pechenga),Town,69.56,31.16,Russia,,USSR,"Coastal, Industrial, Urban, Extreme cold, industrial","1-2 years, 1 month, 3 months, 1 year","Carbon steel, Zinc, Copper, Galvanized steel, Aluminium, Coated steel",s003,s005,s006,,,,,,,,"Table 9 note defines C3 as Pechenga. 1990–1991 steel=214 g/m²/year, zinc=15. Table 10: July 1992–July 1993 steel=264, zinc=15.1; July 1992–July 1994 steel=392, zinc=27.1."
RU-004,Oimyakon,Village,63.47,142.82,Russia,,USSR,"Inland, Rural, Sub-arctic, Cold, rural","1 month, 1-4 years, varies, Annually","Carbon steel, Mild steel, Steel St3, Copper, Aluminum alloys, Cadmium, Zinc, Aluminium",s001,s008,,,,,,,,,"Table 12 reports four Oimyakon rows with TOW=1086, 813, 813, and 273 h/year; steel=1.04, 0.93, 0.22, 0.85 µm/year; zinc=0.25, 0.17, 0.32, 0.13; copper=0.08, 0.08, 0.07, 0.08; aluminium=0.189, 0.189, –, 0.189 g/(m²·year). T=-16.6 °C; RH=72%; precipitation=215 mm/year; SO2≈1 µg/m³."
RU-005,Susuman,City,62.77,148.13,Russia,,USSR,"Inland, Urban, Sub-arctic, Cold, rural","1 month, 1-4 years, varies, Annually","Carbon steel, Mild steel, Steel St3, Copper, Aluminum alloys, Cadmium, Zinc, Aluminium",s001,s008,,,,,,,,,"Table 12: T=-13.6 °C; RH=71%; TOW=985 h/year; precipitation=255 mm/year; SO2=5 µg/m³; corrosion_rate steel=2.18 µm/year, zinc=0.39, copper=0.15, aluminium=0.475 g/(m²·year)."
RU-006,Atka,Village,60.83,151.75,Russia,,USSR,"Inland, Rural, Sub-arctic, Cold, rural","1 month, 1-4 years, varies, Annually","Carbon steel, Mild steel, Steel St3, Copper, Aluminum alloys, Cadmium, Zinc, Aluminium",s001,s008,,,,,,,,,"Table 12: T=-12.0 °C; RH=72%; TOW=987 h/year; precipitation=298 mm/year; SO2≈1 µg/m³; corrosion_rate steel=1.90 µm/year, zinc=0.24, copper=0.11, aluminium=0.165 g/(m²·year)."
RU-007,Bilibino,City,68.03,166.25,Russia,,USSR,"Inland, Urban, Extreme cold, rural","1 month, 1-4 years, varies","Carbon steel, Mild steel, Steel St3, Copper, Aluminum alloys, Cadmium",s001,,,,,,,,,,"Table 12: T=-11.0 °C; RH=73%; TOW=692 h/year; precipitation=173 mm/year; SO2≈1 µg/m³; corrosion_rate steel=0.70 µm/year, zinc=0.23, copper=0.09, aluminium=0.178 g/(m²·year)."
RU-008,Ust’-Omchug,Settlement,61.15,149.63,Russia,,USSR,"Inland, Rural, Sub-arctic, Cold, rural","1 month, 1-4 years, varies, Annually","Carbon steel, Mild steel, Steel St3, Copper, Aluminum alloys, Cadmium, Zinc, Aluminium",s001,s008,,,,,,,,,"Table 12: T=-11.0 °C; RH=68%; TOW=1097 h/year; precipitation=282 mm/year; SO2=5 µg/m³; corrosion_rate steel=1.59 µm/year, zinc=0.41, copper=0.10, aluminium=0.243 g/(m²·year)."
RU-009,Aldan,City,58.6,125.42,Russia,,USSR,"Inland, Urban, Cold, rural","1 month, 1-4 years, varies, Annually","Carbon steel, Mild steel, Steel St3, Copper, Aluminum alloys, Cadmium, Zinc, Aluminium",s001,s008,,,,,,,,,"Table 12: T=-6.2 °C; RH=72%; TOW=1333 h/year; precipitation=546 mm/year; SO2=5 µg/m³; corrosion_rate steel=3.20 µm/year, zinc=0.77, copper=0.20, aluminium=0.205 g/(m²·year)."
RU-010,Tynda,City,55.12,124.73,Russia,,USSR,"Inland, Urban, Cold, rural","1 month, 1-4 years, varies, Annually","Carbon steel, Mild steel, Steel St3, Copper, Aluminum alloys, Cadmium, Zinc, Aluminium",s001,s008,,,,,,,,,"Table 12: T=-6.5 °C; RH=72%; TOW=1321 h/year; precipitation=525 mm/year; SO2=5 µg/m³; corrosion_rate steel=2.72 µm/year, zinc=0.74, copper=0.18, aluminium=0.281 g/(m²·year)."
RU-011,Klyuchi,Village,56.32,160.84,Russia,,USSR,"Inland, Rural, Cold, rural","1 month, 1-4 years, varies, Annually","Carbon steel, Mild steel, Steel St3, Copper, Aluminum alloys, Cadmium, Zinc, Aluminium",s001,s008,,,,,,,,,"Table 12 gives no coordinates in the review extract. T=-1.2 °C; RH=76%; TOW=1916 h/year; precipitation=562 mm/year; SO2=5 µg/m³; corrosion_rate steel=3.00 µm/year, zinc=0.28, copper=0.32, aluminium=0.311 g/(m²·year)."
RU-012,Komsomol’sk-on-Amur,City,50.53,136.98,Russia,,USSR,"Inland, Urban, Cold, rural","1 month, 1-4 years, varies, Annually","Carbon steel, Mild steel, Steel St3, Copper, Aluminum alloys, Cadmium, Zinc, Aluminium",s001,s008,,,,,,,,,"Table 12: T=-0.7 °C; RH=76%; TOW=1859 h/year; precipitation=499 mm/year; SO2=10 µg/m³; corrosion_rate steel=8.10 µm/year, zinc=0.89, copper=0.27, aluminium=0.286 g/(m²·year)."
RU-013,Pobedino,Village,49.83,142.81,Russia,,USSR,"Inland, Rural, Temperate, rural","1 month, 1-4 years, varies, Annually","Carbon steel, Mild steel, Steel St3, Copper, Aluminum alloys, Cadmium, Zinc, Aluminium",s001,s008,,,,,,,,,"Table 12: T=-0.9 °C; RH=77%; TOW=2221 h/year; precipitation=604 mm/year; SO2≈1 µg/m³; corrosion_rate steel=4.68 µm/year, zinc=0.60, copper=0.75, aluminium=0.259 g/(m²·year)."
RU-014,Yakovlevka,Village,44.57818,133.4555,Russia,,USSR,"Inland, Rural, Temperate, rural","1 month, 1-4 years, varies, Annually","Carbon steel, Mild steel, Steel St3, Copper, Aluminum alloys, Cadmium, Zinc, Aluminium",s001,s008,,,,,,,,,"Table 12: T=2.5 °C; RH=70%; TOW=1877 h/year; precipitation=626 mm/year; SO2≈1 µg/m³; corrosion_rate steel=5.20 µm/year, zinc=0.65, copper=0.45, aluminium=0.259 g/(m²·year)."
RU-015,Pogranichnyi,Village,44.42996,131.5031,Russia,,USSR,"Inland, Rural, Temperate, rural","1 month, 1-4 years, varies, Annually","Carbon steel, Mild steel, Steel St3, Copper, Aluminum alloys, Cadmium, Zinc, Aluminium",s001,s008,,,,,,,,,"Table 12: T=3.6 °C; RH=67%; TOW=1793 h/year; precipitation=595 mm/year; SO2≈1 µg/m³; corrosion_rate steel=6.28 µm/year, zinc=0.61, copper=0.31, aluminium=0.256 g/(m²·year)."
RU-016,Murmansk,City,69.15,35.97,Russia,,USSR,"Coastal, Urban, Extreme cold, urban, Rural","1 month, 1-4 years, varies, 6 months, 1 year, 2 years, 3 years, 4 years, 8 years","Carbon steel, Mild steel, Steel St3, Copper, Aluminum alloys, Cadmium, Aluminium, Electrical steel, Iron, Zinc",s001,s020,s007,,,,,,,,"Table 13: T=0.5 °C; RH=82%; TOW=3007 h/year; precipitation=735 mm/year; SO2=6.4 µg/m³; chloride deposition=35–65 mg/(m²·day); corrosion_rate steel=29–34 µm/year, zinc=1.42–2.19 µm/year, copper=1.50–2.70 µm/year, aluminium=6.6–10.6 g/(m²·year)."
RU-017,Aion,Island,69.83,168.67,Russia,,USSR,"Near-coastal, Island, Extreme cold","1 month, 1-4 years, varies, Annually","Carbon steel, Mild steel, Steel St3, Copper, Aluminum alloys, Cadmium, Zinc, Aluminium",s001,s008,,,,,,,,,"Table 13: T=-13.0 °C; RH=88%; TOW=1197 h/year; precipitation=179 mm/year; SO2≈1 µg/m³; chloride deposition=33.8 mg/(m²·day); corrosion_rate steel=8.3 µm/year, zinc=1.61, copper=0.63, aluminium=1.71 g/(m²·year)."
RU-018,Apapel’gino,Village,69.73,170.62,Russia,,USSR,"Coastal, Rural, Extreme cold","1 month, 1-4 years, varies, Annually","Carbon steel, Mild steel, Steel St3, Copper, Aluminum alloys, Cadmium, Zinc, Aluminium",s001,s008,,,,,,,,,"Table 13: T=-12.7 °C; RH=83%; TOW=1451 h/year; precipitation=193 mm/year; SO2≈1 µg/m³; chloride deposition=20.1 mg/(m²·day); corrosion_rate steel=4.8 µm/year, zinc=0.85, copper=0.44, aluminium=0.65 g/(m²·year)."
RU-019,Arman’,Village,55.77,156.17,Russia,,USSR,"Near-coastal, Rural, Cold","1 month, 1-4 years, varies, Annually","Carbon steel, Mild steel, Steel St3, Copper, Aluminum alloys, Cadmium, Zinc, Aluminium",s001,s008,,,,,,,,,"Table 13: T=-3.9 °C; RH=69%; TOW=2115 h/year; precipitation=415 mm/year; SO2=5.0 µg/m³; chloride deposition=5.9 mg/(m²·day); corrosion_rate steel=4.2 µm/year, zinc=0.84, copper=0.52, aluminium=0.35 g/(m²·year)."
RU-020,Okhotsk,City,59.33,143.25,Russia,,USSR,"Marine, Urban, Cold","1 month, 1-4 years, varies, Annually","Carbon steel, Mild steel, Steel St3, Copper, Aluminum alloys, Cadmium, Zinc, Aluminium",s001,s008,,,,,,,,,"Table 13: T=-5.0 °C; RH=74%; TOW=2276 h/year; precipitation=555 mm/year; SO2=15.0 µg/m³; chloride deposition=20.0 mg/(m²·day); corrosion_rate steel=11.7 µm/year, zinc=1.18, copper=1.21, aluminium=0.89 g/(m²·year)."
RU-021,Ust'-Khayryuzovo,City,57.10227,156.7606,Russia,,USSR,"Coastal, Urban, Cold","1 month, 1-4 years, varies, Annually","Carbon steel, Mild steel, Steel St3, Copper, Aluminum alloys, Cadmium, Zinc, Aluminium",s001,s008,,,,,,,,,"Table 13: T=-1.9 °C; RH=85%; TOW=3014 h/year; precipitation=512 mm/year; SO2≈1 µg/m³; chloride deposition=16.3 mg/(m²·day); corrosion_rate steel=11.8 µm/year, zinc=1.11, copper=0.86, aluminium=0.69 g/(m²·year)."
RU-022,Ayan,Village,56.52854,138.16,Russia,,USSR,"Marine, Rural, Cold","1 month, 1-4 years, varies, Annually","Carbon steel, Mild steel, Steel St3, Copper, Aluminum alloys, Cadmium, Zinc, Aluminium",s001,s008,,,,,,,,,"Table 13: T=-3.3 °C; RH=68%; TOW=2251 h/year; precipitation=791 mm/year; SO2≈1 µg/m³; chloride deposition=12.7 mg/(m²·day); corrosion_rate steel=6.8 µm/year, zinc=0.95, copper=0.56, aluminium=0.41 g/(m²·year)."
RU-023,Chumikhan,Village,54.67,135.25,Russia,,USSR,"Coastal, Rural, Cold","1 month, 1-4 years, varies, Annually","Carbon steel, Mild steel, Steel St3, Copper, Aluminum alloys, Cadmium, Zinc, Aluminium",s001,s008,,,,,,,,,"Table 13: T=-3.9 °C; RH=77%; TOW=2075 h/year; precipitation=681 mm/year; SO2≈1 µg/m³; chloride deposition=17.9 mg/(m²·day); corrosion_rate steel=7.3 µm/year, zinc=0.91, copper=0.86, aluminium=0.79 g/(m²·year)."
RU-024,Baidukov Island,Island,53.32,141.47,Russia,,USSR,"Marine, Island, Cold","1 month, 1-4 years, varies, Annually","Carbon steel, Mild steel, Steel St3, Copper, Aluminum alloys, Cadmium, Zinc, Aluminium",s001,s008,,,,,,,,,"Table 13: T=-2.5 °C; RH=83%; TOW=2432 h/year; precipitation=524 mm/year; SO2≈1 µg/m³; chloride deposition=32.1 mg/(m²·day); corrosion_rate steel=14.5 µm/year, zinc=1.65, copper=1.90, aluminium=1.42 g/(m²·year)."
RU-025,Okha,City,53.58,143.02,Russia,,USSR,"Marine, Urban, Cold","1 month, 1-4 years, varies, Annually","Carbon steel, Mild steel, Steel St3, Copper, Aluminum alloys, Cadmium, Zinc, Aluminium",s001,s008,,,,,,,,,"Table 13: T=-2.4 °C; RH=83%; TOW=2322 h/year; precipitation=476 mm/year; SO2=5.0 µg/m³; chloride deposition=10.3 mg/(m²·day); corrosion_rate steel=8.6 µm/year, zinc=1.12, copper=0.90, aluminium=0.62 g/(m²·year)."
RU-026,Nikol’skoe,Village,55.23,166.07,Russia,,USSR,"Coastal, Rural, Cold","1 month, 1-4 years, varies, Annually","Carbon steel, Mild steel, Steel St3, Copper, Aluminum alloys, Cadmium, Zinc, Aluminium",s001,s008,,,,,,,,,"Table 13: T=2.0 °C; RH=85%; TOW=3798 h/year; precipitation=636 mm/year; SO2≈1 µg/m³; chloride deposition=34.2 mg/(m²·day); corrosion_rate steel=28.4 µm/year, zinc=2.63, copper=2.12, aluminium=2.31 g/(m²·year)."
RU-027,Lopatka,Cape site,50.93,156.67,Russia,,USSR,"Marine, Cold","1 month, 1-4 years, varies, Annually","Carbon steel, Mild steel, Steel St3, Copper, Aluminum alloys, Cadmium, Zinc, Aluminium",s001,s008,,,,,,,,,"Table 13: T=1.0 °C; RH=90%; TOW=4760 h/year; precipitation=2502 mm/year; SO2=5.0 µg/m³; chloride deposition=45.2 mg/(m²·day); corrosion_rate steel=31.7 µm/year, zinc=3.20, copper=2.80, aluminium=2.61 g/(m²·year)."
RU-028,Petropavlovsk-Kamchatskii,City,53.05,158.72,Russia,,USSR,"Coastal, Urban, Cold, urban","1 month, 1-4 years, varies, Annually","Carbon steel, Mild steel, Steel St3, Copper, Aluminum alloys, Cadmium, Zinc, Aluminium",s001,s008,,,,,,,,,"Table 13: T=1.9 °C; RH=72%; TOW=2386 h/year; precipitation=1092 mm/year; SO2=15.0 µg/m³; chloride deposition=11.4 mg/(m²·day); corrosion_rate steel=13.7 µm/year, zinc=2.14, copper=1.08, aluminium=0.75 g/(m²·year)."
RU-029,Nevel’sk,Town,46.68,141.92,Russia,,USSR,"Coastal, Urban, Temperate","1 month, 1-4 years, varies, Annually","Carbon steel, Mild steel, Steel St3, Copper, Aluminum alloys, Cadmium, Zinc, Aluminium",s001,s008,,,,,,,,,"Table 13: T=4.5 °C; RH=74%; TOW=3198 h/year; precipitation=849 mm/year; SO2=15.0 µg/m³; chloride deposition=17.3 mg/(m²·day); corrosion_rate steel=17.9 µm/year, zinc=2.82, copper=1.44, aluminium=1.76 g/(m²·year)."
RU-030,Vladivostok,City,43.13,131.9047,Russia,,USSR,"Coastal, Urban, Temperate, urban","1 month, 1-4 years, varies, 1-year periods, 6 months, 1 year, 2 years, 3 years, Annually, 4 years, 8 years","Carbon steel, Mild steel, Steel St3, Copper, Aluminum alloys, Cadmium, Zinc, Aluminium, Electrical steel, Iron",s001,s020,s002,s007,s008,,,,,,"Table 13: T=4.7 °C; RH=75%; TOW=3951 h/year; precipitation=570 mm/year; SO2=22.5 µg/m³; chloride deposition=20–43 mg/(m²·day); corrosion_rate steel=22–43 µm/year, zinc=1.23–2.82 µm/year, copper=1.35–1.74 µm/year, aluminium=0.70–1.26 g/(m²·year)."
RU-031,Cape Gamov,Cape site,43.0081,133.8013,Russia,,USSR,"Near-coastal, Temperate","1 month, 1-4 years, varies, Annually","Carbon steel, Mild steel, Steel St3, Copper, Aluminum alloys, Cadmium, Zinc, Aluminium",s001,s008,,,,,,,,,"Table 13: T=4.2 °C; RH=73%; TOW=3497 h/year; precipitation=728 mm/year; SO2≈1 µg/m³; chloride deposition=22.0 mg/(m²·day); corrosion_rate steel=21.9 µm/year, zinc not reported, copper=1.55 µm/year, aluminium=0.99 g/(m²·year)."
RU-032,Gelendzhik,City,45.67,38.5506,Russia,,USSR,"Near-coastal, Urban, Temperate","1-year periods, varies","Carbon steel, Steel St3, Zinc, Copper, Aluminium",s002,,,,,,,,,,
RU-033,Sochi (CSNBR high-altitude station),Research station,43.5853,39.7233,Russia,,USSR,"Coastal, Temperate","1-year periods, varies","Carbon steel, Steel St3, Zinc, Copper, Aluminium",s002,,,,,,,,,,
RU-034,Dalniye Zelentsy,Village,69.22245,36.2976,Russia,,USSR,"Marine, Rural, Extreme cold","1-year periods, varies","Carbon steel, Steel St3, Zinc, Copper, Aluminium",s002,,,,,,,,,,
RU-035,Moscow,City,55.698322,37.57402,Russia,,USSR,"Inland, Urban, Cold, urban","1-year periods, varies, 1 year, 2 years, 4 years, 8 years, Annually","Carbon steel, Steel St3, Zinc, Copper, Aluminium, Weathering steel",s002,s009,s010,s011,s012,s013,,,,,
RU-036,Zvenigorod,City,55.7299,36.8553,Russia,,USSR,"Inland, Urban, Cold, rural","1-year periods, varies, 6 months, 1 year, 2 years, 3 years","Carbon steel, Steel St3, Zinc, Copper, Aluminium, Electrical steel, Iron",s002,s007,,,,,,,,,
RU-037,Yakutsk,City,62.0355,129.6755,Russia,,USSR,"Inland, Urban, Sub-arctic, Cold","1-year periods, varies","Carbon steel, Steel St3, Zinc, Copper, Aluminium",s002,,,,,,,,,,
RU-038,Cape Schmidt,Cape site,69.9978,-172.03854,Russia,,USSR,"Marine, Extreme cold",Annually,"Carbon steel, Copper, Zinc, Cadmium, Aluminium",s008,,,,,,,,,,
RU-039,Cape Chaplin,Cape site,65.08673,-167.62527,Russia,,USSR,"Marine, Sub-arctic, Cold",Annually,"Carbon steel, Copper, Zinc, Cadmium, Aluminium",s008,,,,,,,,,,
RU-040,Bilibino,Town,68.25296,166.28659,Russia,,USSR,"Inland, Urban, Extreme cold",Annually,"Carbon steel, Copper, Zinc, Cadmium, Aluminium",s008,,,,,,,,,,
RU-041,Pogranichnyy,Town,44.407859,131.38207,Russia,,USSR,"Inland, Urban, Temperate",Annually,"Carbon steel, Copper, Zinc, Cadmium, Aluminium",s008,,,,,,,,,,
RU-042,St Petersburg,City,59.9311,30.3609,Russia,,,"Coastal, Urban, Cold","1 year, 4 years, 8 years","Carbon steel, Weathering steel, Zinc, Copper, Aluminium, Stainless Steel, Titanium",s016,s018,,,,,,,,,
RU-045,Oymyakon,extremely cold,63.4629473,142.7869693,Russia,,USSR,"Inland, Sub-arctic, Cold","1 year, 2 years, 4 years, 8 years","Carbon steel, Zinc, Copper, Aluminium",s020,,,,,,,,,,Source label: Ojmjakon.
SD-001,Khartoum,,15.5635972,32.5349123,Sudan,,,"Inland, Tropical","1 year, 2 years, 3 years","Carbon steel, Copper",s021,,,,,,,,,,
SE-001,Stockholm South,City,59.312,18.083,Sweden,,,"Coastal, Urban, Cold","1 year, 2 years, 4 years, 8 years, Annually","Carbon steel, Weathering steel, Zinc, Aluminium, Copper",s009,s010,s011,s012,s013,s014,s015,,,,
SE-002,Stockholm Centre,City,59.3293,18.0686,Sweden,,,"Coastal, Urban, Cold","1 year, 2 years, 4 years, 8 years, Annually","Carbon steel, Weathering steel, Zinc, Aluminium",s009,s010,s011,s012,,,,,,,
SE-003,Aspvreten,Rural monitoring site,58.8,17.383333,Sweden,,,"Marine, Rural, Cold","1 year, 2 years, 4 years, 8 years, Annually","Carbon steel, Weathering steel, Zinc, Aluminium, Copper, Stainless Steel, Titanium",s009,s017,s018,s010,s011,s012,s013,s014,s015,,
SE-004,Stockholm,"moderate zone, urban",59.3251172,18.0710935,Sweden,,,"Coastal, Urban, Cold","1 year, 2 years, 4 years, 8 years","Carbon steel, Zinc, Copper, Aluminium, Stainless Steel, Weathering steel, Titanium",s017,s018,s020,,,,,,,,Source label: Stockholm-Vanadis.
SE-005,"Kattesand, Bohus-Malmon","moderate zone, marine",58.3382594,11.3394872,Sweden,,,"Marine, Cold","1 year, 2 years, 4 years, 8 years","Carbon steel, Zinc, Copper, Aluminium",s020,,,,,,,,,,"Source label: Bohus Malmon, Kattesand. Standard spelling may appear as Bohus-Malmön."
SE-006,"Kvarnvik, Bohus-Malmon","moderate zone, marine - splash",58.45455858,16.26454571,Sweden,,,"Coastal, Cold","1 year, 2 years, 4 years, 8 years","Carbon steel, Zinc, Copper, Aluminium",s020,,,,,,,,,,"Source label: Bohus Malmon, Kvarnvik. Standard spelling may appear as Bohus-Malmön."
SE-007,Abisko,,68.3501695,18.8300059,Sweden,,,"Inland, Extreme cold","1 year, 2 years, 3 years","Carbon steel, Copper",s021,,,,,,,,,,
SK-001,Zilina,,49.2234674,18.7393139,Slovakia,,,"Inland, Temperate","1 year, 4 years, 8 years","Carbon steel, Stainless Steel, Weathering steel, Zinc, Aluminium, Titanium",s017,s018,,,,,,,,,
US-001,"Research Triangle Park, North Carolina",Research Park,35.9079,-78.875,United States,,,"Inland, Rural, Temperate, Urban","1 year, 2 years, 4 years, 8 years, Annually","Carbon steel, Weathering steel, Zinc, Aluminium, Copper",s009,s020,s010,s011,s012,,,,,,
US-002,Steubenville,City,40.3698,-80.6339,United States,,,"Inland, Industrial, Urban, Temperate","1 year, 2 years, 4 years, 8 years, Annually","Carbon steel, Weathering steel, Zinc, Aluminium",s009,s010,s011,s012,,,,,,,
US-003,Los Angeles,City,34.0522,-118.2437,United States,,,"Near-coastal, Urban, Temperate, marine","1 year, 2 years, 4 years",Carbon steel,s013,,,,,,,,,,
US-004,"Kure Beach, North Carolina","moderate zone, eastern marine",33.9968399,-77.9072081,United States,,,"Marine, Temperate","1 year, 2 years, 4 years, 8 years","Carbon steel, Zinc, Copper, Aluminium",s020,,,,,,,,,,
US-005,"Kearny, New Jersey","moderate zone, industrial",40.7684342,-74.1454214,United States,,,"Coastal, Industrial, Temperate","1 year, 2 years, 4 years, 8 years","Carbon steel, Zinc, Copper, Aluminium",s020,,,,,,,,,,"Source label: Newark-Kerney, New Jersey; corrected to Kearny for geocoding."
US-007,"Point Reyes, California","moderate zone, western marine",37.9958916,-123.0226358,United States,,,"Marine, Temperate","1 year, 2 years, 4 years, 8 years","Carbon steel, Zinc, Copper, Aluminium",s020,,,,,,,,,,
US-008,"Los Angeles, California","moderate zone, marine - urban",34.0536909,-118.242766,United States,,,"Near-coastal, Urban, Temperate","1 year, 2 years, 4 years, 8 years","Carbon steel, Zinc, Copper, Aluminium",s020,,,,,,,,,,
US-009,Phoenix,,33.4484367,-112.074141,USA,,,"Inland, Temperate","1 year, 2 years, 3 years","Carbon steel, Copper",s021,,,,,,,,,,
US-010,New Haven,,41.3082138,-72.9250518,United States,,,"Coastal, Temperate","1 year, 4 years, 8 years","Carbon steel, Stainless Steel, Weathering steel, Zinc, Aluminium, Titanium",s017,s018,,,,,,,,,
ZA-001,Bedford,inland rural / semi-arid,-32.6783333,26.0883333,South Africa,,,"Inland, Rural, Hot-arid",,,s023,,,,,,,,,,Approx. first-year mild steel corrosion rate reported: 12 µm/a
ZA-002,Belfast,inland Highveld,-25.686667,30.033611,South Africa,,,"Inland, Temperate",,,s023,,,,,,,,,,Approx. first-year mild steel corrosion rate reported: 18 µm/a
ZA-003,"Ysterplaat, Cape Town",coastal urban / marine-influenced,-33.9201062,18.4767109,South Africa,,,"Coastal, Urban, Temperate",,,s023,,,,,,,,,,Source site name: Cape Town - Ysterplaat. Approx. first-year mild steel corrosion rate reported: 28 µm/a
ZA-004,De Aar,inland arid / semi-desert,-30.6505556,24.0075,South Africa,,,"Inland, Hot-arid",,,s023,,,,,,,,,,Approx. first-year mild steel corrosion rate reported: 2 µm/a
ZA-005,Dealesville,inland rural,-28.675458,25.765095,South Africa,,,"Inland, Rural, Temperate",,,s023,,,,,,,,,,Approx. first-year mild steel corrosion rate reported: 7 µm/a
ZA-006,Droërivie,inland semi-arid,-33.827938,20.216455,South Africa,,,"Inland, Temperate",,,s023,,,,,,,,,,Approx. first-year mild steel corrosion rate reported: 1.3 µm/a
ZA-007,"Bayhead, Durban",coastal harbour / marine-industrial,-29.8913889,30.9913889,South Africa,,,"Coastal, Industrial, Temperate",,,s023,,,,,,,,,,Source site name: Durban - Bayhead. Approx. first-year mild steel corrosion rate reported: 66 µm/a
ZA-008,"Congella, Durban",coastal urban-industrial / marine,-29.8713889,30.9975,South Africa,,,"Marine, Industrial, Urban, Temperate",,,s023,,,,,,,,,,Source site name: Durban - Congella. Approx. first-year mild steel corrosion rate reported: 122 µm/a
ZA-009,"Salisbury Island, Durban",coastal harbour / marine,-29.8830566,31.0371286,South Africa,,,"Marine, Temperate",,,s023,,,,,,,,,,Source site name: Durban - Salisbury Island. Approx. first-year mild steel corrosion rate reported: 134 µm/a
ZA-010,Empangeni,coastal-influenced subtropical,-28.746111,31.897222,South Africa,,,"Near-coastal, Temperate",,,s023,,,,,,,,,,Approx. first-year mild steel corrosion rate reported: 58 µm/a
ZA-011,Gariep Dam,inland arid / Central Plateau,-30.6329406,25.8194167,South Africa,,,"Inland, Hot-arid",,,s023,,,,,,,,,,Source site name: Gariep. Approx. first-year mild steel corrosion rate reported: 4 µm/a
ZA-012,Germiston,inland industrial,-26.229444,28.180556,South Africa,,,"Inland, Industrial, Temperate",,,s023,,,,,,,,,,Approx. first-year mild steel corrosion rate reported: 51 µm/a
ZA-013,Grabouw,elevated coastal-influenced inland,-34.153056,19.013889,South Africa,,,"Near-coastal, Temperate",,,s023,,,,,,,,,,Approx. first-year mild steel corrosion rate reported: 20 µm/a
ZA-014,Melkbosstrand,coastal marine,-33.722222,18.445833,South Africa,,,"Marine, Temperate",,,s023,,,,,,,,,,Approx. first-year mild steel corrosion rate reported: 460 µm/a
ZA-015,Mossel Bay,coastal marine / industrial,-34.1832022,22.1536248,South Africa,,,"Marine, Industrial, Temperate",,,s023,,,,,,,,,,Approx. first-year mild steel corrosion rate reported: 57 µm/a
ZA-016,Oyster Bay,coastal marine,-34.1697222,24.6525,South Africa,,,"Marine, Temperate",,,s023,,,,,,,,,,Approx. first-year mild steel corrosion rate reported: 40 µm/a
ZA-017,Sasolburg,inland industrial,-26.810278,27.821389,South Africa,,,"Inland, Industrial, Temperate",,,s023,,,,,,,,,,Approx. first-year mild steel corrosion rate reported: 50 µm/a
ZA-018,Secunda,inland industrial / Highveld,-26.516111,29.202778,South Africa,,,"Inland, Industrial, Temperate",,,s023,,,,,,,,,,Approx. first-year mild steel corrosion rate reported: 38 µm/a
ZA-019,Vredendal,semi-arid coastal-influenced inland,-31.679444,18.492222,South Africa,,,"Near-coastal, Hot-arid",,,s023,,,,,,,,,,Approx. first-year mild steel corrosion rate reported: 16 µm/a
